USE my_library;

INSERT INTO book_genre (genre_name) VALUES
('Фантастика'), ('Детектив'), ('Роман'), ('История'),
('Научная литература'), ('Фэнтези'), ('Триллер'),
('Поэзия'), ('Биография'), ('Приключения');

INSERT INTO books (book_name, release_date, genre_id, ENC_code) VALUES
('1984', '1949-06-08', 1, 'ENC_1984'),
('Преступление и наказание', '1866-01-01', 2, 'ENC_576'),
('Анна Каренина', '1878-01-01', 3, 'ENC_1356'),
('Сапиенс: Краткая история человечества', '2011-01-01', 5, 'ENC_345'),
('Гарри Поттер и философский камень', '1997-06-26', 6, 'ENC_187'),
('Властелин колец', '1954-07-29', 6, 'ENC_19283'),
('Шерлок Холмс: Этюд в багровых тонах', '1887-01-01', 2, 'ENC_476'),
('Шерлок Холмс: Собака Баскервилей', '1901-04-01', 2, 'ENC_4676'),
('Пикник на обочине', '1972-01-01', 1, 'ENC_3788'),
('Доктор Живаго', '1957-01-01', 3, 'ENC_3678'),
('Мастер и Маргарита', '1967-01-01', 10, 'ENC_3567');

INSERT INTO authors (first_name, medium_name, last_name) VALUES
('Джордж', NULL, 'Оруэлл'),
('Фёдор', 'Михайлович', 'Достоевский'),
('Лев', 'Николаевич', 'Толстой'),
('Юваль', NULL, 'Ной Харари'),
('Джоан', NULL, 'Роулинг'),
('Джон', 'Рональд', 'Толкин'),
('Артур', 'Конан', 'Дойл'),
('Аркадий', NULL, 'Стругацкий'),
('Борис', NULL, 'Пастернак'),
('Михаил', NULL, 'Булгаков');

INSERT INTO authors_records (book_id, author_id) VALUES
(1,1), (2,2), (3,3), (4,4), (5,5),
(6,6), (7,7), (8,7), (9,8), (10,9), (11,10);

INSERT INTO disc_format (format_name) VALUES
('DVD'), ('Blu-ray'), ('CD'), ('Digital'),
('VHS'), ('MP4'), ('UHD Blu-ray'), ('LaserDisc'),
('HD DVD'), ('MiniDVD');

INSERT INTO discs (disc_name, disc_format_id, genre_name) VALUES
('Интерстеллар', 1, 'Фильмы'),               
('Сборник Sherlock Holmes', 2, 'Фильмы'),       
('MS Office 2021', 3, 'Программы'),               
('Фотографии с отпуска', 4, 'Фотографии'),       
('Архив документов', 5, 'Документы'),             
('Игры для Windows', 6, 'Игры'),                
('Linux Ubuntu ISO', 7, 'ОС'),             
('Музыкальный альбом', 8, 'Музыка'),       
('Семейное видео', 9, 'Видео'),                   
('Учебные материалы', 10, 'Образование'),
('Дисней', 1, 'Фильмы'), 
('Пиксар', 2, 'Фильмы');   

INSERT INTO movies (movie_name, disc_id, movie_format, movie_genre, release_date, movie_length) VALUES
('Интерстеллар', 1, 'DVD', 'Фантастика', '2014-11-07', '02:49:00'),
('Шерлок Холмс', 2, 'Blu-ray', 'Детектив', '2009-12-25', '02:08:00'),
('Титаник', 3, 'CD', 'Роман', '1997-12-19', '03:15:00'),
('Хоббит: Нежданное путешествие', 4, 'Digital', 'Фэнтези', '2012-12-14', '02:50:00'),
('Вселенная Стивена Хокинга', 5, 'VHS', 'Биография', '2014-11-07', '02:03:00'),
('Доктор Стрэндж', 6, 'MP4', 'Фэнтези', '2016-11-04', '01:55:00'),
('Игры разума', 7, 'UHD Blu-ray', 'Биография', '2001-12-21', '02:15:00'),
('Дюна', 8, 'LaserDisc', 'Фантастика', '2021-10-22', '02:35:00'),
('Бойцовский клуб', 9, 'HD DVD', 'Триллер', '1999-10-15', '02:19:00'),
('Зелёная миля', 10, 'MiniDVD', 'Драма', '1999-12-10', '03:09:00'),
('Король Лев', 11, 'DVD', 'Мультфильм', '1994-06-24', '01:28:00'),
('История игрушек', 12, 'Blu-ray', 'Мультфильм', '1995-11-22', '01:21:00'),
('ВАЛЛ-И', 12, 'Blu-ray', 'Мультфильм', '2008-06-27', '01:38:00'),
('Ну, погоди!', 11, 'DVD', 'Мультфильм', '1969-01-01', '01:00:00'),
('Чебурашка', 11, 'DVD', 'Мультфильм', '1971-01-01', '00:20:00');

INSERT INTO discs_records (movie_id, disc_id) VALUES
(1,1),(2,2),(11,11),(12,12),(13,12),(14,11),(15,11);

INSERT INTO friends (first_name, last_name) VALUES
('Анна', 'Петрова'),
('Игорь', 'Иванов'),
('Мария', 'Смирнова'),
('Сергей', 'Сидоров'),
('Ольга', 'Лебедева'),
('Никита', 'Попов'),
('Татьяна', 'Морозова'),
('Виктор', 'Новиков'),
('Елена', 'Фёдорова'),
('Дмитрий', 'Козлов');

INSERT INTO debts (friend_id, exchange_type, date_start, date_end) VALUES
(1, 'borrowed', '2023-01-10', '2025-02-10'),
(2, 'taken', '2023-02-15', '2023-05-10'),
(3, 'borrowed', '2023-03-20', '2025-04-20'),
(4, 'taken', '2023-04-25', '2025-05-25'),
(5, 'borrowed', '2023-05-30', '2023-06-30'),
(6, 'taken', '2023-07-01', '2024-07-31'),
(7, 'borrowed', '2024-08-01', '2025-08-31'),
(8, 'taken', '2023-09-01', '2025-09-30'),
(9, 'borrowed', '2023-10-01', '2023-10-31'),
(10, 'taken', '2023-11-01', '2024-11-30');

INSERT INTO debts_records (book_id, disc_id, debt_id) VALUES
(1, NULL, 1),
(2, 2, 2),
(3, 3, 3),
(4, NULL, 4),
(5, NULL, 5),
(NULL, 6, 6),
(7, 7, 7),
(8, NULL, 1),
(9, NULL, 9),
(10, 10, 10);
